date,ticker,predicted_forward_return
2011-04-29,SPY,0.023769493891463146
2011-04-29,QQQ,0.013729899987542019
2011-04-29,IWM,-0.015506135572881788
2011-04-29,TLT,0.01036732318674598
2011-04-29,GLD,0.013180916352219945
2011-04-29,EFA,0.0036512731281319434
2011-04-29,EEM,0.009183786617981322
2011-04-29,VNQ,0.016572740021754493
2011-04-29,XLE,-0.006918853893726572
2011-04-29,XLK,0.027465788872110496
2011-05-31,SPY,0.030922053653444675
2011-05-31,QQQ,0.031076804348291673
2011-05-31,IWM,0.026072284810491207
2011-05-31,TLT,0.009681980157851804
2011-05-31,GLD,0.029778430589760083
2011-05-31,EFA,-0.020587282021123303
2011-05-31,EEM,-0.016801009347509607
2011-05-31,VNQ,-0.0029487345863900313
2011-05-31,XLE,0.015425999706670785
2011-05-31,XLK,0.031086915862178315
2011-06-30,SPY,0.04268221271511295
2011-06-30,QQQ,0.04263220554198219
2011-06-30,IWM,-0.002260357858859179
2011-06-30,TLT,0.02158459078412267
2011-06-30,GLD,-0.002110452532791157
2011-06-30,EFA,0.0397236053092107
2011-06-30,EEM,-0.02467245064411384
2011-06-30,VNQ,-0.002074939376348535
2011-06-30,XLE,-0.01825078535756656
2011-06-30,XLK,0.04300975883156251
2011-07-29,SPY,0.019460846406510936
2011-07-29,QQQ,0.01415569660589923
2011-07-29,IWM,0.03169871091282075
2011-07-29,TLT,0.012331080976651905
2011-07-29,GLD,-0.002550082158018288
2011-07-29,EFA,0.03011488142523573
2011-07-29,EEM,-0.004240251677335296
2011-07-29,VNQ,-0.0008618296130984884
2011-07-29,XLE,0.0034538946155309755
2011-07-29,XLK,0.011920531266021201
2011-08-31,SPY,-0.03397487734286275
2011-08-31,QQQ,-0.07274444082160275
2011-08-31,IWM,-0.03612536598508614
2011-08-31,TLT,-0.049726246888540854
2011-08-31,GLD,-0.062048126430726935
2011-08-31,EFA,-0.03603748901190402
2011-08-31,EEM,-0.03603748901190402
2011-08-31,VNQ,-0.033834161938016735
2011-08-31,XLE,-0.034337602656598694
2011-08-31,XLK,-0.03823666262704264
2011-09-30,SPY,-0.01578298831459955
2011-09-30,QQQ,-0.043512688963607625
2011-09-30,IWM,-0.027572241927940132
2011-09-30,TLT,-0.04616078009639426
2011-09-30,GLD,0.012801879990610849
2011-09-30,EFA,-0.03775696593350373
2011-09-30,EEM,-0.013492340066270148
2011-09-30,VNQ,-0.043320813448945235
2011-09-30,XLE,-0.015327045351264982
2011-09-30,XLK,-0.04655804258359512
2011-10-31,SPY,0.012106730803327822
2011-10-31,QQQ,0.013927425843153818
2011-10-31,IWM,-0.050970317762257106
2011-10-31,TLT,-0.011696678455981218
2011-10-31,GLD,-0.02323643582483968
2011-10-31,EFA,0.03284788750588142
2011-10-31,EEM,0.03051424689636798
2011-10-31,VNQ,0.018070121484954106
2011-10-31,XLE,-0.045989134704069456
2011-10-31,XLK,0.020883850109173867
2011-11-30,SPY,0.021387337875141455
2011-11-30,QQQ,0.01979972018758068
2011-11-30,IWM,0.02685872353557823
2011-11-30,TLT,-0.010030407064757482
2011-11-30,GLD,-0.04838174086075968
2011-11-30,EFA,0.02840334223064548
2011-11-30,EEM,0.025341530370663133
2011-11-30,VNQ,0.011688177907798912
2011-11-30,XLE,0.010777236127137914
2011-11-30,XLK,0.017171958935709945
2011-12-30,SPY,0.016382509507745967
2011-12-30,QQQ,0.02445429283594914
2011-12-30,IWM,0.02144462989909351
2011-12-30,TLT,-0.09004064293183542
2011-12-30,GLD,0.02257984705509644
2011-12-30,EFA,0.030714461668328242
2011-12-30,EEM,0.03476297996657644
2011-12-30,VNQ,-0.009088176083456235
2011-12-30,XLE,0.027079716487896106
2011-12-30,XLK,0.026976215836774748
2012-01-31,SPY,0.020426334103570337
2012-01-31,QQQ,0.01849707329585912
2012-01-31,IWM,0.022531772621204448
2012-01-31,TLT,-0.001979272015067126
2012-01-31,GLD,-0.10507503967859641
2012-01-31,EFA,0.009672147059660028
2012-01-31,EEM,0.011925191296445408
2012-01-31,VNQ,0.006059189370697554
2012-01-31,XLE,0.01867907124421599
2012-01-31,XLK,0.021259264399428632
2012-02-29,SPY,0.02748498629586664
2012-02-29,QQQ,0.018429916988293337
2012-02-29,IWM,0.0602151091683087
2012-02-29,TLT,0.011377633985846375
2012-02-29,GLD,-0.0021336732255521234
2012-02-29,EFA,0.05661070724827583
2012-02-29,EEM,0.05661070724827583
2012-02-29,VNQ,0.028035179337872616
2012-02-29,XLE,0.06172440965412953
2012-02-29,XLK,0.018201189286461965
2012-03-30,SPY,0.027996975611559314
2012-03-30,QQQ,0.012129062678505281
2012-03-30,IWM,0.034715227553155384
2012-03-30,TLT,-0.0029357388408054494
2012-03-30,GLD,0.015355721873289306
2012-03-30,EFA,0.04145770810986662
2012-03-30,EEM,0.04142478716187871
2012-03-30,VNQ,0.02277365642214997
2012-03-30,XLE,0.04163736968812003
2012-03-30,XLK,0.012241532832830337
2012-04-30,SPY,0.02483494314026136
2012-04-30,QQQ,0.02616710820505156
2012-04-30,IWM,0.028084903809083836
2012-04-30,TLT,-0.09927612837610804
2012-04-30,GLD,0.02145100133146785
2012-04-30,EFA,0.030047885648624248
2012-04-30,EEM,0.029841708465782955
2012-04-30,VNQ,0.023628455162497647
2012-04-30,XLE,0.0237934713314876
2012-04-30,XLK,0.02625104704735806
2012-05-31,SPY,0.015280701047632194
2012-05-31,QQQ,0.015069531653630105
2012-05-31,IWM,-0.035219510930419314
2012-05-31,TLT,-0.05400104687400494
2012-05-31,GLD,0.016444101088682935
2012-05-31,EFA,-0.02833735565465571
2012-05-31,EEM,-0.013604931255475182
2012-05-31,VNQ,0.014975601440989781
2012-05-31,XLE,-0.031970022750048524
2012-05-31,XLK,0.015296076094200745
2012-06-29,SPY,0.00045755998947316124
2012-06-29,QQQ,-0.002811106455475696
2012-06-29,IWM,-0.001437632213929281
2012-06-29,TLT,-0.0010352146178992181
2012-06-29,GLD,0.0016819990972751146
2012-06-29,EFA,0.0067470741830120496
2012-06-29,EEM,0.022645048940620128
2012-06-29,VNQ,0.005345579164208477
2012-06-29,XLE,0.021259048664801744
2012-06-29,XLK,-0.00043210539490460024
2012-07-31,SPY,0.011508334872117092
2012-07-31,QQQ,0.008632327107728738
2012-07-31,IWM,0.010824134658026868
2012-07-31,TLT,0.004835078278357178
2012-07-31,GLD,0.011209254530474473
2012-07-31,EFA,0.01266302347772917
2012-07-31,EEM,0.024360135936549617
2012-07-31,VNQ,0.009138865626462527
2012-07-31,XLE,0.01339842497073916
2012-07-31,XLK,0.00635692493098657
2012-08-31,SPY,0.00021044404232562194
2012-08-31,QQQ,-0.00796633805279892
2012-08-31,IWM,0.005211134288720299
2012-08-31,TLT,-0.009913198397124866
2012-08-31,GLD,-0.005242774722621937
2012-08-31,EFA,0.01696856373791012
2012-08-31,EEM,0.02089180421630621
2012-08-31,VNQ,0.005435234747412187
2012-08-31,XLE,0.01897490685406212
2012-08-31,XLK,0.004689759604248643
2012-09-28,SPY,0.0027292822988840048
2012-09-28,QQQ,0.006147697689954223
2012-09-28,IWM,0.005385778160680146
2012-09-28,TLT,0.013417524314538732
2012-09-28,GLD,0.018784240007660248
2012-09-28,EFA,0.01859214685654373
2012-09-28,EEM,0.014582803457549458
2012-09-28,VNQ,-0.008561870397351474
2012-09-28,XLE,0.0038035405455764462
2012-09-28,XLK,0.005735826925463137
2012-10-31,SPY,0.01724211206330264
2012-10-31,QQQ,0.012534161831106963
2012-10-31,IWM,0.017904251512093183
2012-10-31,TLT,0.010613997218588246
2012-10-31,GLD,0.018008405852624424
2012-10-31,EFA,0.012910724520121248
2012-10-31,EEM,0.014492499689520847
2012-10-31,VNQ,0.02265785012899849
2012-10-31,XLE,0.009158114490116501
2012-10-31,XLK,0.012676382248279012
2012-11-30,SPY,-0.011102621914316824
2012-11-30,QQQ,0.009794740651681169
2012-11-30,IWM,-0.011519121415673789
2012-11-30,TLT,0.017072536338925984
2012-11-30,GLD,0.0070817308703201385
2012-11-30,EFA,-0.0034988280240987033
2012-11-30,EEM,0.007286573062648401
2012-11-30,VNQ,0.0044857199133298
2012-11-30,XLE,0.010840133701481326
2012-11-30,XLK,-0.00034828967241890257
2012-12-31,SPY,-0.005159459473949283
2012-12-31,QQQ,0.003077416794182455
2012-12-31,IWM,-0.0037761422516018996
2012-12-31,TLT,0.01847743701679401
2012-12-31,GLD,0.023196493692004466
2012-12-31,EFA,-0.0024242737566693936
2012-12-31,EEM,-0.002119318846806183
2012-12-31,VNQ,-0.01451054533225416
2012-12-31,XLE,0.017358652733303982
2012-12-31,XLK,0.011680272500271555
2013-01-31,SPY,0.012379800999952098
2013-01-31,QQQ,0.019856099358953102
2013-01-31,IWM,0.009664988731538222
2013-01-31,TLT,0.024637208724744113
2013-01-31,GLD,0.014271802937687206
2013-01-31,EFA,0.0015764683444415702
2013-01-31,EEM,0.010962652776656045
2013-01-31,VNQ,0.017421330558420624
2013-01-31,XLE,0.013314462647135539
2013-01-31,XLK,0.019856099358953102
2013-02-28,SPY,0.007281593456448858
2013-02-28,QQQ,0.017928765851473048
2013-02-28,IWM,0.007281593456448858
2013-02-28,TLT,0.018113093797028242
2013-02-28,GLD,0.01594106734556783
2013-02-28,EFA,0.007281593456448858
2013-02-28,EEM,0.006265103407391859
2013-02-28,VNQ,0.005907675580801153
2013-02-28,XLE,0.007281593456448858
2013-02-28,XLK,0.017990744902739927
2013-03-28,SPY,0.009687352012780799
2013-03-28,QQQ,0.015883145150371727
2013-03-28,IWM,0.009640861096924662
2013-03-28,TLT,0.015599230377721882
2013-03-28,GLD,0.006223377406691004
2013-03-28,EFA,0.009435216818233833
2013-03-28,EEM,0.008219307301956406
2013-03-28,VNQ,0.009462180141183791
2013-03-28,XLE,0.009687352012780799
2013-03-28,XLK,0.015883145150371727
2013-04-30,SPY,0.010133182162599334
2013-04-30,QQQ,0.013264981867330782
2013-04-30,IWM,0.006090757233956159
2013-04-30,TLT,0.013264981867330782
2013-04-30,GLD,0.03706790045612605
2013-04-30,EFA,0.00424908870979412
2013-04-30,EEM,0.013264981867330782
2013-04-30,VNQ,0.003934464632244103
2013-04-30,XLE,0.012133210936185636
2013-04-30,XLK,0.013264981867330782
2013-05-31,SPY,0.0012080538943604517
2013-05-31,QQQ,0.008281316013121109
2013-05-31,IWM,0.0035651776986567237
2013-05-31,TLT,-0.007219298499625556
2013-05-31,GLD,0.03483033792461764
2013-05-31,EFA,0.017044185300421004
2013-05-31,EEM,0.013945442191810683
2013-05-31,VNQ,0.01760933990634645
2013-05-31,XLE,0.0005548975033876752
2013-05-31,XLK,0.013995972762156734
2013-06-28,SPY,-0.002406203793143176
2013-06-28,QQQ,0.012919846386936542
2013-06-28,IWM,-0.0034601650133598448
2013-06-28,TLT,-0.008794690872223903
2013-06-28,GLD,0.11005721634502547
2013-06-28,EFA,0.03704386326781284
2013-06-28,EEM,0.01756139146782411
2013-06-28,VNQ,0.016533152870194724
2013-06-28,XLE,0.006118371174164549
2013-06-28,XLK,0.012919846386936542
2013-07-31,SPY,-0.002307847114469963
2013-07-31,QQQ,0.004206354342393424
2013-07-31,IWM,-0.001424080577142087
2013-07-31,TLT,-0.0049545949896517465
2013-07-31,GLD,-0.01433436011828444
2013-07-31,EFA,-0.017352359547733367
2013-07-31,EEM,0.025604175460887318
2013-07-31,VNQ,0.012775910428075715
2013-07-31,XLE,0.003940837831431409
2013-07-31,XLK,0.012685238721115039
2013-08-30,SPY,0.0064752704905436075
2013-08-30,QQQ,0.012277658413460658
2013-08-30,IWM,0.004949663876164679
2013-08-30,TLT,-0.007174227574834506
2013-08-30,GLD,0.009334100378596341
2013-08-30,EFA,0.01173082989308758
2013-08-30,EEM,0.019742872230110255
2013-08-30,VNQ,0.013045818165844087
2013-08-30,XLE,0.012277658413460658
2013-08-30,XLK,0.012277658413460658
2013-09-30,SPY,0.006213380459015964
2013-09-30,QQQ,0.011377416670522491
2013-09-30,IWM,-0.004515317061210291
2013-09-30,TLT,-0.006098623766024963
2013-09-30,GLD,0.01461706219762367
2013-09-30,EFA,-0.0033074469615611054
2013-09-30,EEM,0.022628212085928138
2013-09-30,VNQ,0.011907067347980693
2013-09-30,XLE,0.01196197860748051
2013-09-30,XLK,0.01196197860748051
2013-10-31,SPY,-0.0024779795640067657
2013-10-31,QQQ,-0.0031767409205199623
2013-10-31,IWM,-0.0011971019045206744
2013-10-31,TLT,-0.0011389916686328837
2013-10-31,GLD,0.011448665612593665
2013-10-31,EFA,-0.002279540505674684
2013-10-31,EEM,0.011602824826112834
2013-10-31,VNQ,0.01168299585627186
2013-10-31,XLE,-0.0005432598798077637
2013-10-31,XLK,0.006727166694591022
2013-11-29,SPY,-0.001564031126041487
2013-11-29,QQQ,-0.0025656711049969697
2013-11-29,IWM,-0.002782371643646266
2013-11-29,TLT,-0.0013468638756020585
2013-11-29,GLD,0.0028838155137903923
2013-11-29,EFA,0.0019815637970497465
2013-11-29,EEM,0.011247804236743252
2013-11-29,VNQ,0.015906618956287644
2013-11-29,XLE,0.004459860523386079
2013-11-29,XLK,0.005565976131355957
2013-12-31,SPY,-4.2014877552192684e-05
2013-12-31,QQQ,0.0005313104901486093
2013-12-31,IWM,0.0006958802688455312
2013-12-31,TLT,-0.0041444697618998145
2013-12-31,GLD,-0.003991937930799821
2013-12-31,EFA,0.005987077984613505
2013-12-31,EEM,-0.002841712457975292
2013-12-31,VNQ,0.010703362032087488
2013-12-31,XLE,0.0009629449241193952
2013-12-31,XLK,0.0009759673921667236
2014-01-31,SPY,0.005655401434915061
2014-01-31,QQQ,0.00653483694889927
2014-01-31,IWM,0.006896663541682462
2014-01-31,TLT,-0.0023424359554819712
2014-01-31,GLD,-0.0023424359554819712
2014-01-31,EFA,0.013884869855845583
2014-01-31,EEM,0.003951361987576594
2014-01-31,VNQ,0.010940803664351703
2014-01-31,XLE,0.015160201445866661
2014-01-31,XLK,0.00864369043792338
2014-02-28,SPY,-0.0002659156563336582
2014-02-28,QQQ,-0.00027435091597864376
2014-02-28,IWM,-0.0007844090724642748
2014-02-28,TLT,0.00015121301449013774
2014-02-28,GLD,0.0002644225681728797
2014-02-28,EFA,0.00783290495043986
2014-02-28,EEM,-0.0009213415648455941
2014-02-28,VNQ,0.011369762229324171
2014-02-28,XLE,0.011369762229324171
2014-02-28,XLK,-0.0001230085381797999
2014-03-31,SPY,0.004566612836239061
2014-03-31,QQQ,0.009208754506571739
2014-03-31,IWM,0.010157102173512234
2014-03-31,TLT,0.0037515555971787294
2014-03-31,GLD,0.004465078003589215
2014-03-31,EFA,0.008657787366629836
2014-03-31,EEM,0.00918834953288526
2014-03-31,VNQ,0.011135045211406415
2014-03-31,XLE,0.011135045211406415
2014-03-31,XLK,0.005987580789885646
2014-04-30,SPY,0.00911548149995962
2014-04-30,QQQ,0.011076146015913401
2014-04-30,IWM,0.013993087171028732
2014-04-30,TLT,0.0028192282296124957
2014-04-30,GLD,0.0037763883588630186
2014-04-30,EFA,0.01191893476747979
2014-04-30,EEM,0.004863303422340569
2014-04-30,VNQ,0.01191893476747979
2014-04-30,XLE,0.003508025005107613
2014-04-30,XLK,0.009708197058162666
2014-05-30,SPY,0.0106017669771273
2014-05-30,QQQ,-0.005453035893862901
2014-05-30,IWM,0.011955707078313033
2014-05-30,TLT,0.011961571818897636
2014-05-30,GLD,0.004879585558839347
2014-05-30,EFA,0.01196434460531755
2014-05-30,EEM,0.011961571818897636
2014-05-30,VNQ,0.011961571818897636
2014-05-30,XLE,0.0106017669771273
2014-05-30,XLK,0.009929690859450826
2014-06-30,SPY,-3.8295487063761805e-05
2014-06-30,QQQ,-0.002130052291404715
2014-06-30,IWM,-0.006314232208508211
2014-06-30,TLT,0.012390165574019446
2014-06-30,GLD,0.012223766227343238
2014-06-30,EFA,0.0018807810710700856
2014-06-30,EEM,0.012305716324133385
2014-06-30,VNQ,0.012390165574019446
2014-06-30,XLE,-0.0015501012680265366
2014-06-30,XLK,-0.0007086154516730046
2014-07-31,SPY,0.01249136434921369
2014-07-31,QQQ,0.008407787940360468
2014-07-31,IWM,0.016173101416521066
2014-07-31,TLT,0.01249136434921369
2014-07-31,GLD,0.006751297111056149
2014-07-31,EFA,0.012607665405214947
2014-07-31,EEM,0.01249136434921369
2014-07-31,VNQ,0.01249136434921369
2014-07-31,XLE,0.011470362734994424
2014-07-31,XLK,0.0047142866914842456
2014-08-29,SPY,0.0007877305772956484
2014-08-29,QQQ,-2.2998697657549504e-05
2014-08-29,IWM,0.011898106252545239
2014-08-29,TLT,0.012036204767397961
2014-08-29,GLD,0.005926740125314039
2014-08-29,EFA,0.012108796811479534
2014-08-29,EEM,0.009437875104371354
2014-08-29,VNQ,0.0010906517438852574
2014-08-29,XLE,0.0012112489291598212
2014-08-29,XLK,0.000439413525300222
2014-09-30,SPY,0.010598440876510708
2014-09-30,QQQ,0.009886364574049566
2014-09-30,IWM,0.015109258976607745
2014-09-30,TLT,0.011903216005088549
2014-09-30,GLD,0.007112879709579278
2014-09-30,EFA,0.011833275023233685
2014-09-30,EEM,0.017009536180832195
2014-09-30,VNQ,0.015254559990879784
2014-09-30,XLE,0.016582358150618644
2014-09-30,XLK,0.005413276738146041
2014-10-31,SPY,0.010782292328594966
2014-10-31,QQQ,-0.0008735058446677637
2014-10-31,IWM,0.010047358110070388
2014-10-31,TLT,0.010782292328594966
2014-10-31,GLD,0.0037140067101245717
2014-10-31,EFA,0.009794626390641194
2014-10-31,EEM,0.010862041056862469
2014-10-31,VNQ,0.0077896268650455135
2014-10-31,XLE,0.010577114553033756
2014-10-31,XLK,0.000373348923743718
2014-11-28,SPY,0.010260212618463884
2014-11-28,QQQ,-0.001059319954802026
2014-11-28,IWM,0.01005201012352218
2014-11-28,TLT,0.00790389067901452
2014-11-28,GLD,0.006636764193851761
2014-11-28,EFA,0.01005201012352218
2014-11-28,EEM,0.010087822448742834
2014-11-28,VNQ,-0.0009652795114233398
2014-11-28,XLE,0.034536456987677495
2014-11-28,XLK,-0.000988023215429507
2014-12-31,SPY,0.009024198725060266
2014-12-31,QQQ,0.007748771653028092
2014-12-31,IWM,0.009024198725060266
2014-12-31,TLT,0.00010835234122611076
2014-12-31,GLD,0.006960990237990236
2014-12-31,EFA,0.007599313117939932
2014-12-31,EEM,0.007649143766806808
2014-12-31,VNQ,-4.905450665622705e-05
2014-12-31,XLE,0.015117923996578157
2014-12-31,XLK,0.008893623998656675
2015-01-30,SPY,0.00934171402728107
2015-01-30,QQQ,0.007834795475100086
2015-01-30,IWM,0.008731318914324625
2015-01-30,TLT,0.001234319517276731
2015-01-30,GLD,0.012877562107952148
2015-01-30,EFA,0.00829189034993733
2015-01-30,EEM,0.008256932455568694
2015-01-30,VNQ,0.0008332383624706218
2015-01-30,XLE,0.010492026847181082
2015-01-30,XLK,0.01775131956829789
2015-02-27,SPY,0.008780523849818781
2015-02-27,QQQ,0.004689333365118322
2015-02-27,IWM,0.008780523849818781
2015-02-27,TLT,0.02044516801445022
2015-02-27,GLD,0.0162971167836743
2015-02-27,EFA,0.008557268130458796
2015-02-27,EEM,0.008637265366757668
2015-02-27,VNQ,0.029214617498320373
2015-02-27,XLE,0.010125503850021828
2015-02-27,XLK,0.006563054105866001
2015-03-31,SPY,0.008916673796859075
2015-03-31,QQQ,0.005047994604151495
2015-03-31,IWM,0.008975716565609667
2015-03-31,TLT,0.0017934950736764007
2015-03-31,GLD,0.008500746811536564
2015-03-31,EFA,0.008696809241288565
2015-03-31,EEM,0.00880587908877701
2015-03-31,VNQ,0.0029609916388572068
2015-03-31,XLE,0.011935881743853268
2015-03-31,XLK,0.016061385485866667
2015-04-30,SPY,0.009468117166682647
2015-04-30,QQQ,0.0014558556375713215
2015-04-30,IWM,0.009468117166682647
2015-04-30,TLT,0.009896918642369438
2015-04-30,GLD,0.008488050129428885
2015-04-30,EFA,0.009278011126519835
2015-04-30,EEM,0.009143631108629471
2015-04-30,VNQ,0.02554950105596134
2015-04-30,XLE,0.008855701281371578
2015-04-30,XLK,0.0077272636000314185
2015-05-29,SPY,0.009306135068322351
2015-05-29,QQQ,0.0007784704596175663
2015-05-29,IWM,0.009338457558976316
2015-05-29,TLT,0.008914815402708916
2015-05-29,GLD,0.008634392512375617
2015-05-29,EFA,0.009029414219537015
2015-05-29,EEM,0.024332048162871673
2015-05-29,VNQ,0.008914815402708916
2015-05-29,XLE,0.01580009386480939
2015-05-29,XLK,0.009338457558976316
2015-06-30,SPY,0.00845395072795049
2015-06-30,QQQ,0.00850956689040107
2015-06-30,IWM,0.00845395072795049
2015-06-30,TLT,0.008495369692629545
2015-06-30,GLD,0.007473351643904519
2015-06-30,EFA,0.007822838115307646
2015-06-30,EEM,0.007675188525480323
2015-06-30,VNQ,0.017057924302261985
2015-06-30,XLE,0.007180763468867063
2015-06-30,XLK,0.01207377600619826
2015-07-31,SPY,0.007817183485472771
2015-07-31,QQQ,0.006607981897442931
2015-07-31,IWM,0.007817183485472771
2015-07-31,TLT,0.007073886719890156
2015-07-31,GLD,0.010743704586784602
2015-07-31,EFA,0.007753388554857598
2015-07-31,EEM,0.019887728326553607
2015-07-31,VNQ,0.007588769525510055
2015-07-31,XLE,0.020982935148053387
2015-07-31,XLK,0.0077798250911164275
2015-08-31,SPY,0.024544871330750638
2015-08-31,QQQ,0.025685543578579214
2015-08-31,IWM,0.024544871330750638
2015-08-31,TLT,0.006747720150588703
2015-08-31,GLD,0.0033276596151905766
2015-08-31,EFA,0.008693038687223357
2015-08-31,EEM,0.013052353402790838
2015-08-31,VNQ,0.024780991030212876
2015-08-31,XLE,0.011043644390747632
2015-08-31,XLK,0.022537412718726852
2015-09-30,SPY,0.0034998763171978815
2015-09-30,QQQ,0.01689405697297416
2015-09-30,IWM,0.009268385995850306
2015-09-30,TLT,0.005277416616185943
2015-09-30,GLD,-0.0011262940551906575
2015-09-30,EFA,0.005509657536014332
2015-09-30,EEM,0.008061244317930472
2015-09-30,VNQ,0.004773345524955266
2015-09-30,XLE,0.010364921914226131
2015-09-30,XLK,0.01689405697297416
2015-10-30,SPY,0.00955873167775213
2015-10-30,QQQ,0.009973221878394379
2015-10-30,IWM,0.009417741440922806
2015-10-30,TLT,0.005737118083956528
2015-10-30,GLD,-0.0001720524192807559
2015-10-30,EFA,0.0023366927318145964
2015-10-30,EEM,0.008003943716705597
2015-10-30,VNQ,0.0025688748162866334
2015-10-30,XLE,0.007149150055146441
2015-10-30,XLK,0.010515459714586528
2015-11-30,SPY,0.005719714939144105
2015-11-30,QQQ,0.00563114766916893
2015-11-30,IWM,0.0036280554269327546
2015-11-30,TLT,0.005764371139242325
2015-11-30,GLD,-0.0008878196825436329
2015-11-30,EFA,0.004185535336913079
2015-11-30,EEM,0.024539595570789326
2015-11-30,VNQ,0.005863445093993846
2015-11-30,XLE,0.024539595570789326
2015-11-30,XLK,0.00563114766916893
2015-12-31,SPY,0.005554151787075915
2015-12-31,QQQ,0.00556672481354277
2015-12-31,IWM,0.017091389114192845
2015-12-31,TLT,0.004243137604881226
2015-12-31,GLD,-0.0001372574279292878
2015-12-31,EFA,0.006361751804377791
2015-12-31,EEM,-0.0002552574483243483
2015-12-31,VNQ,0.005425451147210242
2015-12-31,XLE,0.015794731761615464
2015-12-31,XLK,0.00618254375333308
2016-01-29,SPY,0.021575488876124573
2016-01-29,QQQ,0.025097306259361105
2016-01-29,IWM,-0.0006518679818829159
2016-01-29,TLT,-0.005441421387221104
2016-01-29,GLD,-0.004914583709854024
2016-01-29,EFA,-0.0012709063625146093
2016-01-29,EEM,0.008857865522597349
2016-01-29,VNQ,-0.005633365895469826
2016-01-29,XLE,0.01725554942002999
2016-01-29,XLK,0.023955242457612425
2016-02-29,SPY,-0.002312755149057496
2016-02-29,QQQ,0.008777541958061968
2016-02-29,IWM,0.0023977627851518506
2016-02-29,TLT,0.004996797386011747
2016-02-29,GLD,0.004862000106644466
2016-02-29,EFA,-0.0035251820732780407
2016-02-29,EEM,0.004635008354558049
2016-02-29,VNQ,-0.0038506332071991914
2016-02-29,XLE,0.014750206555951407
2016-02-29,XLK,0.004001540003660954
2016-03-31,SPY,0.00461364306222813
2016-03-31,QQQ,0.006685685202875005
2016-03-31,IWM,0.0014387822923036832
2016-03-31,TLT,0.004981150483422177
2016-03-31,GLD,0.004714278418014397
2016-03-31,EFA,0.0002824589925913952
2016-03-31,EEM,-0.0075204308445427645
2016-03-31,VNQ,0.004484693269898748
2016-03-31,XLE,0.0004924072883782286
2016-03-31,XLK,0.004559654245603404
2016-04-29,SPY,0.003970434505135485
2016-04-29,QQQ,0.004173135820438941
2016-04-29,IWM,0.00043338849435192755
2016-04-29,TLT,0.004734691181464464
2016-04-29,GLD,0.00441883356070859
2016-04-29,EFA,0.00043338849435192755
2016-04-29,EEM,-0.0004404956883903627
2016-04-29,VNQ,0.0038745238258805987
2016-04-29,XLE,0.009816973098190959
2016-04-29,XLK,0.0065401592669299844
2016-05-31,SPY,0.0044084840548278435
2016-05-31,QQQ,0.004303862046519211
2016-05-31,IWM,-0.0008825108461987811
2016-05-31,TLT,0.004811770568974045
2016-05-31,GLD,0.008191664823126445
2016-05-31,EFA,-0.0017482305573025567
2016-05-31,EEM,-0.00878402417562381
2016-05-31,VNQ,0.004743154512111556
2016-05-31,XLE,-0.004704773530959645
2016-05-31,XLK,0.004368533094557697
2016-06-30,SPY,0.004822620269082714
2016-06-30,QQQ,0.009169309183323274
2016-06-30,IWM,0.011112007861724782
2016-06-30,TLT,0.00455373305981591
2016-06-30,GLD,0.008231086407448563
2016-06-30,EFA,0.01793998060726702
2016-06-30,EEM,0.017117735228004718
2016-06-30,VNQ,0.004761244481118759
2016-06-30,XLE,0.01797756104077733
2016-06-30,XLK,0.004860975187807061
2016-07-29,SPY,0.005918288684815641
2016-07-29,QQQ,0.005388989833124883
2016-07-29,IWM,0.005364534736584874
2016-07-29,TLT,0.005937350775646368
2016-07-29,GLD,0.003772561180333916
2016-07-29,EFA,0.004473165972297184
2016-07-29,EEM,0.007577587096597997
2016-07-29,VNQ,0.004409639240803389
2016-07-29,XLE,0.0025465868575696307
2016-07-29,XLK,0.005918288684815641
2016-08-31,SPY,0.0062327294892823735
2016-08-31,QQQ,0.0062327294892823735
2016-08-31,IWM,0.005971081827194986
2016-08-31,TLT,0.0062327294892823735
2016-08-31,GLD,0.009257491719741207
2016-08-31,EFA,0.008489419985678754
2016-08-31,EEM,0.005317625636489797
2016-08-31,VNQ,0.004883477041455478
2016-08-31,XLE,0.005245077040194774
2016-08-31,XLK,0.004047150226155455
2016-09-30,SPY,0.005797157652934664
2016-09-30,QQQ,0.005766073294353204
2016-09-30,IWM,0.006026356601143772
2016-09-30,TLT,0.005797157652934664
2016-09-30,GLD,0.005797157652934664
2016-09-30,EFA,0.005797157652934664
2016-09-30,EEM,0.017301867232671585
2016-09-30,VNQ,0.013828814842215154
2016-09-30,XLE,0.01978995918138273
2016-09-30,XLK,0.004087964877855388
2016-10-31,SPY,0.005243431414858976
2016-10-31,QQQ,0.005368016860364301
2016-10-31,IWM,0.010299624011218431
2016-10-31,TLT,0.009294190457891763
2016-10-31,GLD,0.0059446410965162365
2016-10-31,EFA,0.0017000182779721062
2016-10-31,EEM,0.004456293433587879
2016-10-31,VNQ,0.01107325804756526
2016-10-31,XLE,0.004895162815857903
2016-10-31,XLK,0.005222818303833164
2016-11-30,SPY,0.004800766660355519
2016-11-30,QQQ,0.0048975727335920476
2016-11-30,IWM,0.004202877768026559
2016-11-30,TLT,0.010384758774492636
2016-11-30,GLD,0.010322910664817862
2016-11-30,EFA,0.0006825653843983782
2016-11-30,EEM,0.01788694079084988
2016-11-30,VNQ,0.004134087865458211
2016-11-30,XLE,0.012638748529554445
2016-11-30,XLK,0.0048975727335920476
2016-12-30,SPY,0.005425925636954111
2016-12-30,QQQ,0.005425925636954111
2016-12-30,IWM,0.004179468236963718
2016-12-30,TLT,0.004368859755219205
2016-12-30,GLD,0.00409043416545497
2016-12-30,EFA,0.004524435323266127
2016-12-30,EEM,0.0041707527589199605
2016-12-30,VNQ,0.0041707527589199605
2016-12-30,XLE,0.0032401778910740612
2016-12-30,XLK,0.005425925636954111
2017-01-31,SPY,0.005729811298397299
2017-01-31,QQQ,0.0058019326204083515
2017-01-31,IWM,0.002716276602973664
2017-01-31,TLT,0.0031379523848253177
2017-01-31,GLD,0.005186040881419132
2017-01-31,EFA,0.005251392032138826
2017-01-31,EEM,0.000874165649659166
2017-01-31,VNQ,0.004961574983521091
2017-01-31,XLE,0.004942364396166716
2017-01-31,XLK,0.002745719820888308
2017-02-28,SPY,0.0040663456151790655
2017-02-28,QQQ,0.003981017321566121
2017-02-28,IWM,0.0018236562229676024
2017-02-28,TLT,0.0027178355525974
2017-02-28,GLD,0.005504716220380634
2017-02-28,EFA,0.005674275728057955
2017-02-28,EEM,0.0033183973174798907
2017-02-28,VNQ,0.005367993850436637
2017-02-28,XLE,0.006417597602156396
2017-02-28,XLK,0.0033683884631005136
2017-03-31,SPY,0.005964634658020711
2017-03-31,QQQ,0.0055434056131291615
2017-03-31,IWM,0.005115161923072873
2017-03-31,TLT,0.002620607476993803
2017-03-31,GLD,0.0053708902460229335
2017-03-31,EFA,0.005930780937117347
2017-03-31,EEM,0.005930780937117347
2017-03-31,VNQ,0.0053708902460229335
2017-03-31,XLE,0.005932516586487197
2017-03-31,XLK,0.00527063639204057
2017-04-28,SPY,0.006110472001414454
2017-04-28,QQQ,0.004420622793802518
2017-04-28,IWM,0.004929693437719342
2017-04-28,TLT,0.0034420774725971524
2017-04-28,GLD,0.005691878885981555
2017-04-28,EFA,0.006110472001414454
2017-04-28,EEM,0.006066491760152152
2017-04-28,VNQ,0.005691878885981555
2017-04-28,XLE,0.00662186838246069
2017-04-28,XLK,0.004083966310755533
2017-05-31,SPY,0.006344171494138015
2017-05-31,QQQ,0.004923814736562038
2017-05-31,IWM,0.0056371685064847184
2017-05-31,TLT,0.0044490959356026875
2017-05-31,GLD,0.006177220650334334
2017-05-31,EFA,0.006344171494138015
2017-05-31,EEM,0.005740097817708265
2017-05-31,VNQ,0.0059447812072776374
2017-05-31,XLE,0.006509100657146646
2017-05-31,XLK,0.004787146188030584
2017-06-30,SPY,0.006286727068216175
2017-06-30,QQQ,0.005323473480681671
2017-06-30,IWM,0.005332678905655599
2017-06-30,TLT,0.004455476214241885
2017-06-30,GLD,0.004359891682860011
2017-06-30,EFA,0.0061391820467546635
2017-06-30,EEM,0.0059571307449604325
2017-06-30,VNQ,0.005415776477062516
2017-06-30,XLE,0.00480550589205765
2017-06-30,XLK,0.005614612594036151
2017-07-31,SPY,0.0062420815953041974
2017-07-31,QQQ,0.005736686603790163
2017-07-31,IWM,0.0062420815953041974
2017-07-31,TLT,0.003975127360226365
2017-07-31,GLD,0.004336707752687128
2017-07-31,EFA,0.006172456385693767
2017-07-31,EEM,0.005694978390879273
2017-07-31,VNQ,0.004250312002305304
2017-07-31,XLE,0.005393746875832899
2017-07-31,XLK,0.0057927171963531345
2017-08-31,SPY,0.005490451256899213
2017-08-31,QQQ,0.0061440736378794185
2017-08-31,IWM,0.005172867155860753
2017-08-31,TLT,0.005386239065713052
2017-08-31,GLD,0.006120250775327485
2017-08-31,EFA,0.006259030893673661
2017-08-31,EEM,0.00607257176929845
2017-08-31,VNQ,0.005071051051592829
2017-08-31,XLE,0.005077280075621399
2017-08-31,XLK,0.0061440736378794185
2017-09-29,SPY,0.006339075752721525
2017-09-29,QQQ,0.006258894802864622
2017-09-29,IWM,0.006083718338675483
2017-09-29,TLT,0.00592962175586279
2017-09-29,GLD,0.005844692297432826
2017-09-29,EFA,0.006339075752721525
2017-09-29,EEM,0.006302983431610181
2017-09-29,VNQ,0.005889841863783116
2017-09-29,XLE,0.005616722144254913
2017-09-29,XLK,0.006258894802864622
2017-10-31,SPY,0.006669738221914909
2017-10-31,QQQ,0.005558608774762217
2017-10-31,IWM,0.006698173299688655
2017-10-31,TLT,0.006003164201175042
2017-10-31,GLD,0.006185028915810004
2017-10-31,EFA,0.0066992429024124375
2017-10-31,EEM,0.006591376241767016
2017-10-31,VNQ,0.006278351646550258
2017-10-31,XLE,0.00615651756884481
2017-10-31,XLK,0.00391028868766594
2017-11-30,SPY,0.006959437844322289
2017-11-30,QQQ,0.004813799642164382
2017-11-30,IWM,0.00690755769317086
2017-11-30,TLT,0.006339628334054149
2017-11-30,GLD,0.006339628334054149
2017-11-30,EFA,0.0068784084187279194
2017-11-30,EEM,0.005833330885618302
2017-11-30,VNQ,0.006415153511019009
2017-11-30,XLE,0.006624004298040307
2017-11-30,XLK,0.004359710645027253
2017-12-29,SPY,0.006947107962940647
2017-12-29,QQQ,0.006473678263045964
2017-12-29,IWM,0.006968874603530493
2017-12-29,TLT,0.0064146022355215555
2017-12-29,GLD,0.006500214810232905
2017-12-29,EFA,0.006968874603530493
2017-12-29,EEM,0.0051329745201951354
2017-12-29,VNQ,0.0064146022355215555
2017-12-29,XLE,0.0066988345898614625
2017-12-29,XLK,0.005791771190068217
2018-01-31,SPY,0.007948374432779976
2018-01-31,QQQ,0.007794919200087076
2018-01-31,IWM,0.00830924531619863
2018-01-31,TLT,0.0073343084046727635
2018-01-31,GLD,0.007876601893199348
2018-01-31,EFA,0.007948374432779976
2018-01-31,EEM,0.006093931852950286
2018-01-31,VNQ,0.007658371756333871
2018-01-31,XLE,0.007010700284107181
2018-01-31,XLK,0.007453001558137677
2018-02-28,SPY,0.019194108202904722
2018-02-28,QQQ,0.014765282054997195
2018-02-28,IWM,0.014796595583514802
2018-02-28,TLT,0.006238591568634752
2018-02-28,GLD,0.006457291488158395
2018-02-28,EFA,0.013987557086923293
2018-02-28,EEM,0.016846643953354758
2018-02-28,VNQ,0.01459310045816362
2018-02-28,XLE,0.023675987575682695
2018-02-28,XLK,0.010207397336689463
2018-03-29,SPY,0.0080145928212056
2018-03-29,QQQ,0.020959080463928307
2018-03-29,IWM,0.005577871471080098
2018-03-29,TLT,0.006171171930449689
2018-03-29,GLD,0.006392757301856767
2018-03-29,EFA,0.005577871471080098
2018-03-29,EEM,0.010197158302887647
2018-03-29,VNQ,0.005269396390204024
2018-03-29,XLE,0.010440052530363614
2018-03-29,XLK,0.014454130551245404
2018-04-30,SPY,0.006409611315039341
2018-04-30,QQQ,0.013217150143568678
2018-04-30,IWM,0.0063552814838360215
2018-04-30,TLT,0.00650587267588338
2018-04-30,GLD,0.00669107335246509
2018-04-30,EFA,0.0060887280639789895
2018-04-30,EEM,0.014916637462025836
2018-04-30,VNQ,0.005998040427643097
2018-04-30,XLE,0.008215575367348396
2018-04-30,XLK,0.011808798080612203
2018-05-31,SPY,0.00606413314588297
2018-05-31,QQQ,0.0009950058770307353
2018-05-31,IWM,0.0013920195791018157
2018-05-31,TLT,0.006120032444000609
2018-05-31,GLD,0.006178148041591781
2018-05-31,EFA,0.006142357733248133
2018-05-31,EEM,0.008345802753557958
2018-05-31,VNQ,0.006097205413480651
2018-05-31,XLE,0.006932585496303973
2018-05-31,XLK,0.00012762404741512208
2018-06-29,SPY,0.006420127880048229
2018-06-29,QQQ,0.008263958656303014
2018-06-29,IWM,0.008263958656303014
2018-06-29,TLT,0.005644712940394958
2018-06-29,GLD,0.005691763630514199
2018-06-29,EFA,0.005624887438067037
2018-06-29,EEM,0.006238054049525364
2018-06-29,VNQ,0.005188472170297932
2018-06-29,XLE,0.008170652976773418
2018-06-29,XLK,0.008263958656303014
2018-07-31,SPY,0.0061797376899451065
2018-07-31,QQQ,0.006985931572909478
2018-07-31,IWM,0.008177734044283999
2018-07-31,TLT,0.005301917375735057
2018-07-31,GLD,0.005267767908436974
2018-07-31,EFA,0.005246200175633004
2018-07-31,EEM,0.005075758102833041
2018-07-31,VNQ,0.008234279268922664
2018-07-31,XLE,0.006456875904638941
2018-07-31,XLK,0.007411365738522595
2018-08-31,SPY,0.008319274320534652
2018-08-31,QQQ,0.007947566272666132
2018-08-31,IWM,0.00810333716961015
2018-08-31,TLT,0.004765802670146561
2018-08-31,GLD,0.004888657248084374
2018-08-31,EFA,0.004741418664054085
2018-08-31,EEM,0.007978713659128799
2018-08-31,VNQ,0.008319274320534652
2018-08-31,XLE,0.008149292314519581
2018-08-31,XLK,0.002642603843121053
2018-09-28,SPY,0.008433125844373612
2018-09-28,QQQ,0.008433125844373612
2018-09-28,IWM,0.008433125844373612
2018-09-28,TLT,0.0042649383973565325
2018-09-28,GLD,0.0043912446741082726
2018-09-28,EFA,0.0042649383973565325
2018-09-28,EEM,0.0042453002194363515
2018-09-28,VNQ,0.008433125844373612
2018-09-28,XLE,0.008433125844373612
2018-09-28,XLK,0.008433125844373612
2018-10-31,SPY,0.010429199393755043
2018-10-31,QQQ,0.017429155264720726
2018-10-31,IWM,0.011613321280183584
2018-10-31,TLT,0.0031341531044018754
2018-10-31,GLD,0.0031856148493735617
2018-10-31,EFA,0.00548134198871538
2018-10-31,EEM,0.016158744526018023
2018-10-31,VNQ,0.006332146986453949
2018-10-31,XLE,0.011794654348732848
2018-10-31,XLK,0.017450641017580804
2018-11-30,SPY,0.003112204482911107
2018-11-30,QQQ,0.02399302208837624
2018-11-30,IWM,0.0051700274574277534
2018-11-30,TLT,0.003244148024377947
2018-11-30,GLD,0.003278037446126811
2018-11-30,EFA,0.0035603873671875867
2018-11-30,EEM,0.020715455272880354
2018-11-30,VNQ,0.0011789399753568944
2018-11-30,XLE,0.020125691899776296
2018-11-30,XLK,0.02536394427737185
2018-12-31,SPY,0.021685464155494064
2018-12-31,QQQ,0.020770189577990705
2018-12-31,IWM,0.031693391501860374
2018-12-31,TLT,-0.0010175358449569366
2018-12-31,GLD,-0.0005486170095072702
2018-12-31,EFA,0.00278359032266923
2018-12-31,EEM,0.020710465640588527
2018-12-31,VNQ,0.0023678181308564197
2018-12-31,XLE,0.05968652876708339
2018-12-31,XLK,0.03772247104792543
2019-01-31,SPY,0.02043250481174938
2019-01-31,QQQ,0.020743723890731768
2019-01-31,IWM,0.020383803708656424
2019-01-31,TLT,0.0024344525709256892
2019-01-31,GLD,0.0038695507317290834
2019-01-31,EFA,-0.0011911703122537594
2019-01-31,EEM,0.012467661752097414
2019-01-31,VNQ,-0.0012738504935476836
2019-01-31,XLE,0.012168557252084246
2019-01-31,XLK,0.020929636047016097
2019-02-28,SPY,-0.00017784660388682697
2019-02-28,QQQ,0.0249092161718759
2019-02-28,IWM,0.014620456241084373
2019-02-28,TLT,0.00533666320646897
2019-02-28,GLD,0.0070798900663225145
2019-02-28,EFA,0.003317155337972911
2019-02-28,EEM,0.0031275109908137978
2019-02-28,VNQ,0.002947301835255365
2019-02-28,XLE,0.022488965689846426
2019-02-28,XLK,0.024421049095378677
2019-03-29,SPY,0.002571084715633909
2019-03-29,QQQ,0.002408076485469926
2019-03-29,IWM,0.002926499264963162
2019-03-29,TLT,0.0019014432956857563
2019-03-29,GLD,0.007010167308239035
2019-03-29,EFA,0.003124863607268341
2019-03-29,EEM,0.005217909444814029
2019-03-29,VNQ,0.006549646790814673
2019-03-29,XLE,0.003218037464752704
2019-03-29,XLK,-0.001066093442908451
2019-04-30,SPY,0.007000584909853904
2019-04-30,QQQ,0.0011280140879301927
2019-04-30,IWM,0.005415108383279594
2019-04-30,TLT,0.007215697436155747
2019-04-30,GLD,0.005712562949912677
2019-04-30,EFA,0.005469811669245522
2019-04-30,EEM,0.006720254802649812
2019-04-30,VNQ,0.007211946380665181
2019-04-30,XLE,0.0036910140580070664
2019-04-30,XLK,0.000963968872872954
2019-05-31,SPY,0.008026086437303936
2019-05-31,QQQ,0.010115395051017488
2019-05-31,IWM,0.00588008850297889
2019-05-31,TLT,-3.349698581783411e-05
2019-05-31,GLD,0.006374651258081663
2019-05-31,EFA,0.005610897821432335
2019-05-31,EEM,0.007764354562314464
2019-05-31,VNQ,0.007361297945646098
2019-05-31,XLE,0.005993208120112953
2019-05-31,XLK,0.010869937475417143
2019-06-28,SPY,0.0004012970399704445
2019-06-28,QQQ,-0.0015933603283944942
2019-06-28,IWM,-0.001898307493949405
2019-06-28,TLT,0.007262696718439313
2019-06-28,GLD,0.000370492037283214
2019-06-28,EFA,0.0007332566606138676
2019-06-28,EEM,-0.001617779811732001
2019-06-28,VNQ,0.006640241183308843
2019-06-28,XLE,-0.0018106539477050964
2019-06-28,XLK,-0.0016886000055666322
2019-07-31,SPY,0.006968753169426136
2019-07-31,QQQ,0.0066031824946451425
2019-07-31,IWM,0.003925610261684901
2019-07-31,TLT,0.0069462953406053945
2019-07-31,GLD,0.006836505243519991
2019-07-31,EFA,0.006899100253648971
2019-07-31,EEM,0.0033056177922942136
2019-07-31,VNQ,0.0069031855358954765
2019-07-31,XLE,0.0033616643919386208
2019-07-31,XLK,0.006537614861114485
2019-08-30,SPY,0.007952630427589383
2019-08-30,QQQ,0.007923693221784236
2019-08-30,IWM,0.002118371208955357
2019-08-30,TLT,-0.0011145342198973854
2019-08-30,GLD,-0.000862338485557352
2019-08-30,EFA,0.007683191219901997
2019-08-30,EEM,0.002425073890329895
2019-08-30,VNQ,0.0068474007637977195
2019-08-30,XLE,0.007304648671487608
2019-08-30,XLK,0.008251509155236437
2019-09-30,SPY,0.006934225272178867
2019-09-30,QQQ,0.007011352705442427
2019-09-30,IWM,0.0024666324948893425
2019-09-30,TLT,0.0064614166649263815
2019-09-30,GLD,0.00695303193915538
2019-09-30,EFA,0.002417091916168738
2019-09-30,EEM,0.002669800910357369
2019-09-30,VNQ,0.0069979317992482585
2019-09-30,XLE,0.002522035664176755
2019-09-30,XLK,0.00713550078770654
2019-10-31,SPY,0.00018989074452723385
2019-10-31,QQQ,-0.0009735068990654261
2019-10-31,IWM,-0.0003491240482257508
2019-10-31,TLT,0.006514626230045062
2019-10-31,GLD,0.006514626230045062
2019-10-31,EFA,-0.0003562733644144039
2019-10-31,EEM,-0.0003491240482257508
2019-10-31,VNQ,0.0071939224078313895
2019-10-31,XLE,0.010307990756062722
2019-10-31,XLK,-0.0014234641509075162
2019-11-29,SPY,0.006254654923369911
2019-11-29,QQQ,0.00538040673768875
2019-11-29,IWM,0.0031546409665291135
2019-11-29,TLT,0.0074938695351568245
2019-11-29,GLD,0.0074938695351568245
2019-11-29,EFA,0.00746426255154732
2019-11-29,EEM,0.0032964694476623818
2019-11-29,VNQ,0.00746426255154732
2019-11-29,XLE,0.003620743507705082
2019-11-29,XLK,-0.000679309568143735
2019-12-31,SPY,0.0067861075926327055
2019-12-31,QQQ,0.006329158899736753
2019-12-31,IWM,0.0067861075926327055
2019-12-31,TLT,0.006996912456063235
2019-12-31,GLD,0.006534879535384378
2019-12-31,EFA,0.0067861075926327055
2019-12-31,EEM,0.0009743694766834695
2019-12-31,VNQ,0.007017130811261844
2019-12-31,XLE,-0.0012718759146716759
2019-12-31,XLK,-0.04134291277773723
2020-01-31,SPY,0.00844971217359223
2020-01-31,QQQ,0.007144751289935669
2020-01-31,IWM,0.00844971217359223
2020-01-31,TLT,0.0005284067424500902
2020-01-31,GLD,0.0011563085138007545
2020-01-31,EFA,0.00844971217359223
2020-01-31,EEM,0.014317523522543783
2020-01-31,VNQ,0.00844971217359223
2020-01-31,XLE,0.01080260629944248
2020-01-31,XLK,0.00409632324145911
2020-02-28,SPY,0.018399983848712043
2020-02-28,QQQ,0.01760527206123545
2020-02-28,IWM,0.016406245852788905
2020-02-28,TLT,-0.008028766021137487
2020-02-28,GLD,0.0086062677609318
2020-02-28,EFA,0.013248953144590212
2020-02-28,EEM,0.01693055286516016
2020-02-28,VNQ,0.013170013639169528
2020-02-28,XLE,0.07199150382442587
2020-02-28,XLK,0.01788731085912751
2020-03-31,SPY,0.08947538259953894
2020-03-31,QQQ,-0.05664137533359041
2020-03-31,IWM,0.11753107965400801
2020-03-31,TLT,-0.06645479847125865
2020-03-31,GLD,0.01938548643157001
2020-03-31,EFA,0.1095397323603225
2020-03-31,EEM,0.11265546803752935
2020-03-31,VNQ,0.1250994468955511
2020-03-31,XLE,0.11370617728479139
2020-03-31,XLK,-0.056016872978428826
2020-04-30,SPY,0.02224536537141904
2020-04-30,QQQ,0.013741285687013953
2020-04-30,IWM,0.07005679324259115
2020-04-30,TLT,-0.013836424226341633
2020-04-30,GLD,-0.0065094342820574014
2020-04-30,EFA,0.030692692765128288
2020-04-30,EEM,0.02613191513011851
2020-04-30,VNQ,0.128249534861097
2020-04-30,XLE,0.1910942000637867
2020-04-30,XLK,-0.011027905507221037
2020-05-29,SPY,0.03204660637944046
2020-05-29,QQQ,0.007184599198834112
2020-05-29,IWM,0.02423163576274043
2020-05-29,TLT,-0.004161709570618956
2020-05-29,GLD,0.0012916518610928132
2020-05-29,EFA,0.02452433847551975
2020-05-29,EEM,0.0304038423288845
2020-05-29,VNQ,0.025969116399766918
2020-05-29,XLE,0.031928324683173394
2020-05-29,XLK,0.006849230562519739
2020-06-30,SPY,0.021903048282476054
2020-06-30,QQQ,0.0012858176860104094
2020-06-30,IWM,0.014792588439048557
2020-06-30,TLT,0.00010691487390110355
2020-06-30,GLD,0.000281813200010406
2020-06-30,EFA,0.022238516785003014
2020-06-30,EEM,0.022238516785003014
2020-06-30,VNQ,0.02346951155657537
2020-06-30,XLE,0.05145475241470972
2020-06-30,XLK,0.001140248018690923
2020-07-31,SPY,9.82510359258932e-05
2020-07-31,QQQ,-0.023926369297284297
2020-07-31,IWM,0.027536677731796577
2020-07-31,TLT,0.001243776172395802
2020-07-31,GLD,-0.0011047432489666503
2020-07-31,EFA,0.022311337593779203
2020-07-31,EEM,0.021574116551824857
2020-07-31,VNQ,0.02208861066845914
2020-07-31,XLE,0.05824021763788032
2020-07-31,XLK,0.0012905628597772907
2020-08-31,SPY,0.002320659994755679
2020-08-31,QQQ,-0.07681658368542373
2020-08-31,IWM,0.0232249899135498
2020-08-31,TLT,0.007361259941149843
2020-08-31,GLD,4.9036839917545666e-05
2020-08-31,EFA,-0.00018454921380328397
2020-08-31,EEM,0.01437872499132886
2020-08-31,VNQ,0.023336267177808415
2020-08-31,XLE,0.049415175785013844
2020-08-31,XLK,-0.008870847367868908
2020-09-30,SPY,-0.0011013083960447164
2020-09-30,QQQ,0.00919311345530267
2020-09-30,IWM,0.0016199091308004537
2020-09-30,TLT,0.007248775913504204
2020-09-30,GLD,-0.00046307076877191776
2020-09-30,EFA,0.0019561787640634725
2020-09-30,EEM,0.0017075211553075704
2020-09-30,VNQ,-0.00031773461429532947
2020-09-30,XLE,0.03170055242181194
2020-09-30,XLK,0.00919311345530267
2020-10-30,SPY,0.0044425415381389305
2020-10-30,QQQ,0.021960351656322118
2020-10-30,IWM,0.005043957737475413
2020-10-30,TLT,0.0030809660650639287
2020-10-30,GLD,0.006982086847714611
2020-10-30,EFA,0.006673124925901173
2020-10-30,EEM,0.004310372847493625
2020-10-30,VNQ,0.0031447312662000976
2020-10-30,XLE,0.03278032855905525
2020-10-30,XLK,0.021960351656322118
2020-11-30,SPY,-0.003557003281445808
2020-11-30,QQQ,0.017820558421786464
2020-11-30,IWM,0.022007137239572514
2020-11-30,TLT,0.002855661429170578
2020-11-30,GLD,0.006887227407581474
2020-11-30,EFA,-0.0034517527034806585
2020-11-30,EEM,-0.0038272901745147556
2020-11-30,VNQ,0.021382795794614596
2020-11-30,XLE,-0.006876400988351166
2020-11-30,XLK,0.022007137239572514
2020-12-31,SPY,0.004618673827536323
2020-12-31,QQQ,-0.0020066438469660357
2020-12-31,IWM,0.007078434256469956
2020-12-31,TLT,0.0022026623600925636
2020-12-31,GLD,0.0028943996363321044
2020-12-31,EFA,0.0041082080121960345
2020-12-31,EEM,-0.00027743367001766467
2020-12-31,VNQ,0.0069849782784843295
2020-12-31,XLE,0.02270244185721332
2020-12-31,XLK,0.007975153917756142
2021-01-29,SPY,0.006334094739615379
2021-01-29,QQQ,-0.005050472385591181
2021-01-29,IWM,0.010572186023096331
2021-01-29,TLT,0.0027671185960307606
2021-01-29,GLD,0.0010258066554440358
2021-01-29,EFA,0.005998408133624251
2021-01-29,EEM,0.005679918795231367
2021-01-29,VNQ,0.006746867172534998
2021-01-29,XLE,0.03079634346137988
2021-01-29,XLK,0.004979890610123767
2021-02-26,SPY,0.007290344861959587
2021-02-26,QQQ,-0.032185199404654294
2021-02-26,IWM,-0.032115248296158576
2021-02-26,TLT,0.004645660538150442
2021-02-26,GLD,0.00021926739214170297
2021-02-26,EFA,0.007153041632199935
2021-02-26,EEM,0.006526125982426351
2021-02-26,VNQ,0.007623251561791084
2021-02-26,XLE,0.02410905818913792
2021-02-26,XLK,-0.033398443009580205
2021-03-31,SPY,0.0016866203448553363
2021-03-31,QQQ,0.020848676352137597
2021-03-31,IWM,0.021715756999929562
2021-03-31,TLT,0.0036798327507830495
2021-03-31,GLD,0.00245729196816625
2021-03-31,EFA,0.010615345045726657
2021-03-31,EEM,0.021462111544570995
2021-03-31,VNQ,-0.005038838645069435
2021-03-31,XLE,0.022575665626195115
2021-03-31,XLK,0.020848676352137597
2021-04-30,SPY,-0.008162027512729661
2021-04-30,QQQ,0.02320649825722353
2021-04-30,IWM,0.02320649825722353
2021-04-30,TLT,0.00419131783298337
2021-04-30,GLD,0.0038391992786645647
2021-04-30,EFA,0.00488409802999788
2021-04-30,EEM,0.008132558171939683
2021-04-30,VNQ,-0.0024848777145304716
2021-04-30,XLE,0.023579900629680454
2021-04-30,XLK,0.02320649825722353
2021-05-28,SPY,0.007796785391002761
2021-05-28,QQQ,0.008986509395174359
2021-05-28,IWM,0.021907862158792115
2021-05-28,TLT,0.004694945677468547
2021-05-28,GLD,-0.001316869756394055
2021-05-28,EFA,0.007684998372467835
2021-05-28,EEM,0.0068358469330461625
2021-05-28,VNQ,0.006604871902481875
2021-05-28,XLE,0.022565057602100088
2021-05-28,XLK,0.01660265313172453
2021-06-30,SPY,0.00822527103159097
2021-06-30,QQQ,-0.0034905146724488784
2021-06-30,IWM,0.00858415752071706
2021-06-30,TLT,0.0012818945549072816
2021-06-30,GLD,-0.00036549819018249623
2021-06-30,EFA,0.008856914402873652
2021-06-30,EEM,0.008766247093829557
2021-06-30,VNQ,0.008116691325144426
2021-06-30,XLE,0.02342317382754462
2021-06-30,XLK,-0.0035624428768061644
2021-07-30,SPY,0.00815599303072393
2021-07-30,QQQ,0.008054544578105905
2021-07-30,IWM,0.008279556598707464
2021-07-30,TLT,-0.0006541907632897656
2021-07-30,GLD,-0.0006576568838912555
2021-07-30,EFA,0.008693040085255174
2021-07-30,EEM,0.008629196484131777
2021-07-30,VNQ,0.0008486025696913564
2021-07-30,XLE,0.022428360833182493
2021-07-30,XLK,0.007761718603877065
2021-08-31,SPY,0.00797788655594337
2021-08-31,QQQ,0.006260536433133828
2021-08-31,IWM,0.008085426646500792
2021-08-31,TLT,-0.0005204913902528364
2021-08-31,GLD,-0.0004810037302929133
2021-08-31,EFA,0.008560078398745924
2021-08-31,EEM,-0.002235847295239887
2021-08-31,VNQ,0.008028365698845272
2021-08-31,XLE,0.02199951986786596
2021-08-31,XLK,0.006398566311919097
2021-09-30,SPY,0.009035790204733765
2021-09-30,QQQ,0.009035790204733765
2021-09-30,IWM,-0.0010953660430754963
2021-09-30,TLT,0.008478108457455233
2021-09-30,GLD,-0.001026855477455427
2021-09-30,EFA,0.00833170561854104
2021-09-30,EEM,0.0008674030021141547
2021-09-30,VNQ,0.009035790204733765
2021-09-30,XLE,0.020409196313649406
2021-09-30,XLK,0.008976331161655833
2021-10-29,SPY,0.002401130889182233
2021-10-29,QQQ,0.0002176219994958864
2021-10-29,IWM,-0.0027059357502289727
2021-10-29,TLT,0.007533327573036423
2021-10-29,GLD,-0.0011681845580215034
2021-10-29,EFA,0.007347591347610033
2021-10-29,EEM,0.003453293373055489
2021-10-29,VNQ,0.002499555131500423
2021-10-29,XLE,0.023087146653526444
2021-10-29,XLK,-0.000857991469647961
2021-11-30,SPY,0.00900082291345985
2021-11-30,QQQ,0.008223072287342743
2021-11-30,IWM,0.00042854356901653976
2021-11-30,TLT,0.006505635414031538
2021-11-30,GLD,-0.0005489435541886404
2021-11-30,EFA,-0.0012821143154249685
2021-11-30,EEM,0.004070142407411429
2021-11-30,VNQ,0.009097203752328005
2021-11-30,XLE,0.023053688123644073
2021-11-30,XLK,0.000317002376698715
2021-12-31,SPY,-0.0001713063662242176
2021-12-31,QQQ,0.006642621202289928
2021-12-31,IWM,-0.0010848506047073589
2021-12-31,TLT,0.008713341972414851
2021-12-31,GLD,-0.001026076146763001
2021-12-31,EFA,-0.0033240917946695384
2021-12-31,EEM,0.004952553688552677
2021-12-31,VNQ,-0.0034322405351039573
2021-12-31,XLE,0.02228103236409311
2021-12-31,XLK,-0.0026409841066448985
2022-01-31,SPY,0.009842276122040347
2022-01-31,QQQ,0.0225696873149913
2022-01-31,IWM,0.022982582041412406
2022-01-31,TLT,3.9848003311833036e-07
2022-01-31,GLD,-0.0001425473760300807
2022-01-31,EFA,-8.774470450959523e-06
2022-01-31,EEM,0.004581235855261098
2022-01-31,VNQ,0.009868320601807668
2022-01-31,XLE,0.02404683989420764
2022-01-31,XLK,0.02437804270292611
2022-02-28,SPY,0.0006618455781112725
2022-02-28,QQQ,0.025151353077950835
2022-02-28,IWM,0.02633701043276605
2022-02-28,TLT,-9.277528848784709e-05
2022-02-28,GLD,-0.0018411031319064686
2022-02-28,EFA,-3.657237041723579e-05
2022-02-28,EEM,0.005061003392090958
2022-02-28,VNQ,-5.054104466290619e-05
2022-02-28,XLE,0.02503882507010691
2022-02-28,XLK,0.025151353077950835
2022-03-31,SPY,-0.0017765933326940567
2022-03-31,QQQ,0.024996529434343804
2022-03-31,IWM,0.02572110848091116
2022-03-31,TLT,0.004396367043465722
2022-03-31,GLD,0.008624597238272856
2022-03-31,EFA,-0.0031060800130669436
2022-03-31,EEM,0.020596718378748158
2022-03-31,VNQ,-0.003032115966203098
2022-03-31,XLE,0.02813450333498146
2022-03-31,XLK,0.024996529434343804
2022-04-29,SPY,0.02071505829359397
2022-04-29,QQQ,0.015453275304661665
2022-04-29,IWM,0.012632455879255322
2022-04-29,TLT,0.006622745850964407
2022-04-29,GLD,0.008673681944293403
2022-04-29,EFA,0.02009999863589241
2022-04-29,EEM,0.016969913048466023
2022-04-29,VNQ,0.0021394752008155092
2022-04-29,XLE,0.0237691649428414
2022-04-29,XLK,0.018786938978947287
2022-05-31,SPY,0.018277401499912176
2022-05-31,QQQ,0.013456942564911006
2022-05-31,IWM,0.014589219192416942
2022-05-31,TLT,0.01281132170844706
2022-05-31,GLD,0.008041205568228647
2022-05-31,EFA,0.021424853061596926
2022-05-31,EEM,0.01511441650808148
2022-05-31,VNQ,0.021770188412566942
2022-05-31,XLE,0.016075366275845743
2022-05-31,XLK,0.013935667410803789
2022-06-30,SPY,0.02238076274735321
2022-06-30,QQQ,0.08740607569769468
2022-06-30,IWM,0.06007973001768502
2022-06-30,TLT,0.004408320095161191
2022-06-30,GLD,-0.00018555677343885864
2022-06-30,EFA,0.0077062173772176135
2022-06-30,EEM,0.004964545760176719
2022-06-30,VNQ,0.018114134547315558
2022-06-30,XLE,0.029432263649764052
2022-06-30,XLK,0.06399089606633844
2022-07-29,SPY,0.01743586298775291
2022-07-29,QQQ,0.015639409636029174
2022-07-29,IWM,0.019465971999045043
2022-07-29,TLT,0.0037517200214516313
2022-07-29,GLD,0.0003919930216763835
2022-07-29,EFA,0.015846064562052318
2022-07-29,EEM,0.00456580423965642
2022-07-29,VNQ,0.015559089585536872
2022-07-29,XLE,0.049129392014679
2022-07-29,XLK,0.01963730355915061
2022-08-31,SPY,0.016566072516775415
2022-08-31,QQQ,0.015023192361372258
2022-08-31,IWM,0.016881941298504392
2022-08-31,TLT,0.004109818820768102
2022-08-31,GLD,0.0016674453511235632
2022-08-31,EFA,0.004435093775452036
2022-08-31,EEM,0.004151642069968726
2022-08-31,VNQ,0.016252613376867536
2022-08-31,XLE,0.029885137057848475
2022-08-31,XLK,0.01515650148298925
2022-09-30,SPY,0.0013731446462158748
2022-09-30,QQQ,0.004661291620105283
2022-09-30,IWM,0.01334701696884623
2022-09-30,TLT,0.0007225457552468363
2022-09-30,GLD,0.0013690800982243871
2022-09-30,EFA,0.0014370727542527106
2022-09-30,EEM,0.0016088600618736051
2022-09-30,VNQ,-0.003263096437177193
2022-09-30,XLE,0.0038805224001588006
2022-09-30,XLK,0.008040324358855759
2022-10-31,SPY,0.0021533724978269543
2022-10-31,QQQ,0.0027128291514518523
2022-10-31,IWM,0.01043142960730556
2022-10-31,TLT,0.05708266413174725
2022-10-31,GLD,-2.5466978702566242e-05
2022-10-31,EFA,-0.003086006629672396
2022-10-31,EEM,-0.005495796129846053
2022-10-31,VNQ,0.01574555297089656
2022-10-31,XLE,0.015854934038364996
2022-10-31,XLK,0.002584600450369334
2022-11-30,SPY,0.0017506309616811815
2022-11-30,QQQ,0.0055416731491951835
2022-11-30,IWM,0.014260157259617653
2022-11-30,TLT,0.006977486657137761
2022-11-30,GLD,-0.0005450679080248866
2022-11-30,EFA,0.0015562725924305203
2022-11-30,EEM,0.0015562725924305203
2022-11-30,VNQ,0.0014600589918537506
2022-11-30,XLE,0.018731302364486994
2022-11-30,XLK,0.0020978689598041694
2022-12-30,SPY,0.012258974262086374
2022-12-30,QQQ,0.004878795816166009
2022-12-30,IWM,0.014658018463566715
2022-12-30,TLT,0.04009608697632332
2022-12-30,GLD,-0.0005360108909785673
2022-12-30,EFA,0.01503352070890727
2022-12-30,EEM,0.006376423767113123
2022-12-30,VNQ,0.004231789515889375
2022-12-30,XLE,0.017220055142539686
2022-12-30,XLK,0.011580821490777648
2023-01-31,SPY,-0.001083460006058737
2023-01-31,QQQ,0.013870748254033127
2023-01-31,IWM,0.01875800806630754
2023-01-31,TLT,-0.0015908370943589233
2023-01-31,GLD,0.0024494682844358683
2023-01-31,EFA,0.0021169672827034284
2023-01-31,EEM,-0.001083460006058737
2023-01-31,VNQ,0.0143552188019337
2023-01-31,XLE,0.019851837256581364
2023-01-31,XLK,0.014935923009363644
2023-02-28,SPY,-0.0004959250204486677
2023-02-28,QQQ,0.01929210931443408
2023-02-28,IWM,0.008450973811842823
2023-02-28,TLT,-0.0008540201682625633
2023-02-28,GLD,0.009337903340480241
2023-02-28,EFA,0.008769844033815321
2023-02-28,EEM,0.00917680478426232
2023-02-28,VNQ,-0.0004666227577544622
2023-02-28,XLE,0.019467204872963342
2023-02-28,XLK,0.019456122580948428
2023-03-31,SPY,0.006982026833131289
2023-03-31,QQQ,-0.0013358558372551994
2023-03-31,IWM,-0.0006236209063101663
2023-03-31,TLT,-0.001851454437639681
2023-03-31,GLD,0.0031322470987254244
2023-03-31,EFA,0.007087672265481659
2023-03-31,EEM,0.007148748520517185
2023-03-31,VNQ,0.01775216143251798
2023-03-31,XLE,0.017369390770117975
2023-03-31,XLK,-0.0013434844619726219
2023-04-28,SPY,0.005019630861463626
2023-04-28,QQQ,0.007107405065098718
2023-04-28,IWM,-0.0008502113319196264
2023-04-28,TLT,-0.0006927685122806969
2023-04-28,GLD,0.007780451508295128
2023-04-28,EFA,0.004691806446796059
2023-04-28,EEM,-0.0006927685122806969
2023-04-28,VNQ,-0.0006829254908308099
2023-04-28,XLE,0.019206596916189495
2023-04-28,XLK,0.007188281523756882
2023-05-31,SPY,0.007509310097831784
2023-05-31,QQQ,0.0010617248566983139
2023-05-31,IWM,-0.0008738049941602564
2023-05-31,TLT,-0.0009103255248074628
2023-05-31,GLD,0.008437395813432546
2023-05-31,EFA,0.009479093704350175
2023-05-31,EEM,0.0012313917590128704
2023-05-31,VNQ,-0.0009103255248074628
2023-05-31,XLE,0.017498160849572897
2023-05-31,XLK,-0.00195248387691875
2023-06-30,SPY,0.003570553988162347
2023-06-30,QQQ,0.0015606069932188687
2023-06-30,IWM,-0.00423959192040282
2023-06-30,TLT,-0.0004690446019151992
2023-06-30,GLD,0.00830233290209742
2023-06-30,EFA,0.0040549931149912065
2023-06-30,EEM,0.004456128684959495
2023-06-30,VNQ,-0.0011529255374105448
2023-06-30,XLE,0.01501164853944186
2023-06-30,XLK,0.0014950966955967198
2023-07-31,SPY,0.004912984889509564
2023-07-31,QQQ,0.0035129173205003393
2023-07-31,IWM,0.0034725211888589325
2023-07-31,TLT,-0.0005033027715574968
2023-07-31,GLD,0.007241896563315346
2023-07-31,EFA,0.006820190082786764
2023-07-31,EEM,0.004484651102740592
2023-07-31,VNQ,-0.0005033027715574968
2023-07-31,XLE,0.013305093957217073
2023-07-31,XLK,0.005500492039393158
2023-08-31,SPY,0.0075723850296502285
2023-08-31,QQQ,0.0072175113681171256
2023-08-31,IWM,0.00833452741941772
2023-08-31,TLT,-0.0007761386037589437
2023-08-31,GLD,-0.002120284226630317
2023-08-31,EFA,0.008167226440961324
2023-08-31,EEM,0.0007307157077020772
2023-08-31,VNQ,-0.0009314615468374787
2023-08-31,XLE,-0.002120284226630317
2023-08-31,XLK,0.007191771360113255
2023-09-29,SPY,0.009778958263817033
2023-09-29,QQQ,0.009742672826983538
2023-09-29,IWM,0.009701525688340165
2023-09-29,TLT,-0.00041018580386434
2023-09-29,GLD,-0.0018983743475155606
2023-09-29,EFA,-0.0018983743475155606
2023-09-29,EEM,-0.0018067463835560638
2023-09-29,VNQ,-0.0008417937434981103
2023-09-29,XLE,0.0051667283045632485
2023-09-29,XLK,0.00977415308111051
2023-10-31,SPY,0.008208286619856075
2023-10-31,QQQ,0.008272749084085177
2023-10-31,IWM,-0.001177945851131889
2023-10-31,TLT,-0.015594225037699165
2023-10-31,GLD,-0.0023148864819049673
2023-10-31,EFA,-0.0020246483461050196
2023-10-31,EEM,-0.001988164716321428
2023-10-31,VNQ,-0.0012682050488122575
2023-10-31,XLE,0.001691519227126261
2023-10-31,XLK,0.008125063881809912
2023-11-30,SPY,-0.0007976815209599264
2023-11-30,QQQ,0.003324583761273252
2023-11-30,IWM,-0.0017035642554103759
2023-11-30,TLT,-0.018773120265819992
2023-11-30,GLD,-0.0015302490853426488
2023-11-30,EFA,-0.0016460615001036801
2023-11-30,EEM,-0.001786064601559925
2023-11-30,VNQ,0.015338765537983913
2023-11-30,XLE,0.007219828995708927
2023-11-30,XLK,0.003324583761273252
2023-12-29,SPY,0.0031623399363730088
2023-12-29,QQQ,0.0014221707348694916
2023-12-29,IWM,0.017549805478744653
2023-12-29,TLT,-0.0005258954126942677
2023-12-29,GLD,0.004434212402774055
2023-12-29,EFA,-0.001501849132142869
2023-12-29,EEM,-0.0011769435018964592
2023-12-29,VNQ,0.018101646350386115
2023-12-29,XLE,-0.0006857070522624649
2023-12-29,XLK,0.002009974521347701
